Cluster,Keyword,Top Position,Intent
Pounds/LBS to Stone,200 pounds in stone,Top 2,Informational
Pints to ML,pint in ml,Top 3,Informational
KG to Stone,80kg in stone,Top 7,Informational
Litres to Gallons,litres to gallons,Top 4,Informational
Grams to ML,grams to milliliters,Top 5,Informational
KG to Stone,80kg in stone,Top 5,Informational
Pounds/LBS to Stone,220lbs in stone,Top 4,Informational
Pints to ML,pint british ml,Top 3,Informational
KG to Stone,kg to stone,Top 3,Informational
Litres to Gallons,litres to gallons uk,Top 4,Informational
Grams to ML,gram is how many ml,Top 5,Informational
KG to Stone,kg to stone,Top 4,Informational
Pounds/LBS to Stone,175lbs in stone,Top 3,Informational
Pints to ML,1 pint in ml,Top 2,Informational
KG to Stone,kilos into pounds and stone,Top 5,Informational
Litres to Gallons,imperial liters to gallons,Top 3,Informational
Grams to ML,250 gr in ml,Top 3,Informational
Pounds/LBS to Stone,120lbs in stone,Top 4,Informational
Pints to ML,half pint in ml,Top 2,Informational
KG to Stone,63.5kg in stone,Top 5,Informational
Litres to Gallons,litres in a gallon uk,Top 4,Informational
Grams to ML,500 g into ml,Top 3,Informational
Pounds/LBS to Stone,200 lbs in stone,Top 2,Informational
Pints to ML,uk pint to ml,Top 1,Informational
KG to Stone,70kg in stone,Top 7,Informational
Litres to Gallons,50 litres in gallons uk,Top 3,Informational
Grams to ML,100 gram i ml,Top 5,Informational
Pounds/LBS to Stone,150lbs in stone and pounds,Top 2,Informational
Pints to ML,1 pint in millilitres,Top 2,Informational
KG to Stone,63.5kg to stones,Top 3,Informational
Litres to Gallons,uk litre to us gallon,Top 3,Informational
Grams to ML,converting grams into ml,Top 4,Informational
Pounds/LBS to Stone,210lbs in stone,Top 5,Informational
Pints to ML,1/2 pint in ml,Top 2,Informational
KG to Stone,100kg in stone,Top 4,Informational
Litres to Gallons,convert litres to gallons,Top 1,Informational
Grams to ML,150 grams to milliliters,Top 5,Informational
Pounds/LBS to Stone,lbs to stone,Top 4,Informational
Pints to ML,half a pint in ml,Top 5,Informational
KG to Stone,95.3kg in stone,Top 3,Informational
Litres to Gallons,how many litres in a gallon uk,Top 4,Informational
Grams to ML,250 grams in milliliters,Top 3,Informational
Pounds/LBS to Stone,145lbs in stone,Top 6,Informational
Pints to ML,pint in ml uk,Top 2,Informational
KG to Stone,150kg in stone,Top 5,Informational
Litres to Gallons,200l in gallons,Top 3,Informational
Grams to ML,25g in ml,Top 3,Informational
Pounds/LBS to Stone,175 pounds in stone,Top 4,Informational
Pints to ML,2 pints in ml,Top 3,Informational
KG to Stone,82.6kg in stones,Top 2,Informational
Litres to Gallons,10 litres in gallons,Top 3,Informational
Grams to ML,how many ml are in 100 grams,Top 5,Informational
Pounds/LBS to Stone,130 lbs in stone,Top 3,Informational
Pints to ML,1 4 pint in ml,Top 3,Informational
KG to Stone,70 kg in stone,Top 5,Informational
Litres to Gallons,uk litre to gallon conversion,Top 4,Informational
Grams to ML,150 grams in millilitres,Top 4,Informational
Pounds/LBS to Stone,140 lbs in stone,Top 3,Informational
Pints to ML,1.5 pints in ml,Top 3,Informational
KG to Stone,30kg in stone,Top 3,Informational
Litres to Gallons,litres to american gallon,Top 4,Informational
Grams to ML,gm to ml flour,Top 5,Informational
Pounds/LBS to Stone,300 pounds to stone,Top 3,Informational
Pints to ML,half a pint in millilitres,Top 6,Informational
KG to Stone,80 kilos in stones and pounds,Top 3,Informational
Litres to Gallons,uk litres to gallons conversion,Top 4,Informational
Grams to ML,300 grams to milliliters,Top 6,Informational
Pounds/LBS to Stone,175 pounds in stone,Top 4,Informational
Pints to ML,what is half a pint in mils,Top 4,Informational
KG to Stone,10 kilos to stones,Top 3,Informational
Litres to Gallons,60 litres in gallons uk,Top 4,Informational
Grams to ML,what is 100g in ml for flour,Top 3,Informational
Pounds/LBS to Stone,145lbs in stone and pounds,Top 3,Informational
Pints to ML,3 4 pint in ml,Top 3,Informational
KG to Stone,kg and stones,Top 3,Informational
Litres to Gallons,30 litres in gallons uk,Top 3,Informational
Grams to ML,40g into ml,Top 4,Informational
Pounds/LBS to Stone,180lbs to stone,Top 5,Informational
Pints to ML,2 3 pint in ml,Top 2,Informational
Litres to Gallons,50 litres in uk gallons,Top 5,Informational
Pounds/LBS to Stone,154 lbs in stone,Top 3,Informational
Pints to ML,how many ml is 4 pints,Top 3,Informational
Litres to Gallons,20 litres in gallons,Top 7,Informational
Pounds/LBS to Stone,120 lbs in stone,Top 2,Informational
Pints to ML,568 ml in pints,Top 3,Informational
Pounds/LBS to Stone,150lbs in stone and pounds,Top 2,Informational
Pints to ML,how many ml in 1 2 pint,Top 3,Informational
Pounds/LBS to Stone,126lbs in stone,Top 5,Informational
Pints to ML,ml in a pint uk,Top 3,Informational
Pounds/LBS to Stone,126 pounds in stone,Top 3,Informational
Pints to ML,how big is a pint in ml,Top 2,Informational
Pounds/LBS to Stone,180lbs in stone,Top 4,Informational
Pints to ML,how many milliliters is a half a pint,Top 4,Informational
Pounds/LBS to Stone,168 lbs in stone,Top 2,Informational
Pints to ML,one pint is how many milliliters,Top 2,Informational
Pounds/LBS to Stone,lbs to stone uk,Top 3,Informational
Pints to ML,how many mils in a pint of beer,Top 3,Informational
Pounds/LBS to Stone,lbs and stones,Top 4,Informational
Pints to ML,how many milliliters in a pint of water,Top 4,Informational
Pounds/LBS to Stone,160lbs in stone,Top 2,Informational
Pints to ML,how many mils are there in a pint,Top 3,Informational
Pounds/LBS to Stone,182 lbs in stone,Top 2,Informational
Pints to ML,is 300ml half a pint uk,Top 5,Informational
Pounds/LBS to Stone,196 lbs in stone,Top 3,Informational
Pints to ML,us pint in ml,Top 4,Informational
Pounds/LBS to Stone,130lbs in stone,Top 4,Informational
Pounds/LBS to Stone,150lbs in stone,Top 3,Informational
Pounds/LBS to Stone,300lbs in stone,Top 5,Informational
Pounds/LBS to Stone,168 lbs in stones and pounds,Top 3,Informational
Pounds/LBS to Stone,lb to stone,Top 4,Informational
Pounds/LBS to Stone,12 pounds to stone,Top 4,Informational
Pounds/LBS to Stone,224 lbs in stone,Top 3,Informational
Pounds/LBS to Stone,207 pounds in stone,Top 3,Informational
Pounds/LBS to Stone,177 pounds in stone,Top 3,Informational
Pounds/LBS to Stone,112lbs in stone,Top 4,Informational
Pounds/LBS to Stone,140 lbs in stone,Top 3,Informational
Pounds/LBS to Stone,126 pounds to stone,Top 3,Informational
Pounds/LBS to Stone,300 pounds in stone,Top 6,Informational
Pounds/LBS to Stone,190 pounds to stone,Top 3,Informational
Pounds/LBS to Stone,190 lbs to stone,Top 3,Informational
Pounds/LBS to Stone,190lbs in stone,Top 2,Informational
Pounds/LBS to Stone,235lbs in stone,Top 5,Informational
Pounds/LBS to Stone,130 pounds in stone,Top 3,Informational
Pounds/LBS to Stone,142lbs in stone,Top 5,Informational
Pounds/LBS to Stone,168lbs in stone,Top 4,Informational
Pounds/LBS to Stone,120lbs in stone and pounds,Top 4,Informational
Pounds/LBS to Stone,265 pounds in stone,Top 3,Informational
Pounds/LBS to Stone,123lbs in stone,Top 5,Informational
Pounds/LBS to Stone,135lbs in stone,Top 6,Informational
Pounds/LBS to Stone,145lb in stone,Top 4,Informational
Pounds/LBS to Stone,175pounds in stone,Top 3,Informational
Pounds/LBS to Stone,154lbs in stone and pounds,Top 1,Informational
Pounds/LBS to Stone,what is 140 pounds in stone,Top 3,Informational
Pounds/LBS to Stone,15 pounds to stone,Top 2,Informational
Pounds/LBS to Stone,148 lbs in stone,Top 4,Informational
Pounds/LBS to Stone,120 lbs in stones and pounds,Top 4,Informational
Pounds/LBS to Stone,135 lbs into stone,Top 5,Informational
Pounds/LBS to Stone,200lbs in stones,Top 5,Informational
Pounds/LBS to Stone,lbs stones,Top 4,Informational
Pounds/LBS to Stone,lbs to stone uk,Top 3,Informational
Pounds/LBS to Stone,150 lbs stone,Top 3,Informational
Pounds/LBS to Stone,pounds to st,Top 4,Informational
Pounds/LBS to Stone,28lbs in stone,Top 4,Informational
Pounds/LBS to Stone,240 lbs in stone,Top 3,Informational
Pounds/LBS to Stone,160 lbs in stones,Top 3,Informational
Pounds/LBS to Stone,176 lbs to stone,Top 3,Informational
Pounds/LBS to Stone,168 lbs in stones and pounds,Top 3,Informational
Pounds/LBS to Stone,226 pounds in stone,Top 3,Informational
Pounds/LBS to Stone,300lb in stone,Top 4,Informational
Pounds/LBS to Stone,129.6 lbs in stone,Top 1,Informational
Pounds/LBS to Stone,175lbs in stone and pounds,Top 3,Informational
Pounds/LBS to Stone,154 pounds in stone,Top 3,Informational
Pounds/LBS to Stone,125lbs in stone,Top 3,Informational
Pounds/LBS to Stone,136 pounds in stone,Top 3,Informational
Pounds/LBS to Stone,265lbs in stone,Top 2,Informational
Pounds/LBS to Stone,179.2 lbs in stone,Top 2,Informational
Pounds/LBS to Stone,156lbs in stone,Top 3,Informational
Pounds/LBS to Stone,285lbs in stone,Top 6,Informational
Pounds/LBS to Stone,225lbs in stone,Top 5,Informational
Pounds/LBS to Stone,what is 150 pounds in stone,Top 2,Informational
Pounds/LBS to Stone,182lbs in stone,Top 5,Informational
Pounds/LBS to Stone,118lbs in stone,Top 5,Informational
Pounds/LBS to Stone,117lbs in stone,Top 4,Informational
Pounds/LBS to Stone,235lbs to stone,Top 4,Informational
Pounds/LBS to Stone,183lbs in stone,Top 3,Informational
Pounds/LBS to Stone,500lbs in stone,Top 4,Informational
Pounds/LBS to Stone,33lbs in stone,Top 4,Informational
Pounds/LBS to Stone,148lbs in stone,Top 5,Informational
Pounds/LBS to Stone,216 lbs in stone,Top 2,Informational
Pounds/LBS to Stone,154lbs in stone and pounds,Top 1,Informational
Pounds/LBS to Stone,215 lbs to stone,Top 4,Informational
Pounds/LBS to Stone,120 pounds in stone,Top 3,Informational
Pounds/LBS to Stone,205 lbs in stone,Top 2,Informational
Pounds/LBS to Stone,154lbs to stone,Top 4,Informational
Pounds/LBS to Stone,190 pounds in stone,Top 2,Informational
Pounds/LBS to Stone,186lb in stone,Top 4,Informational
Pounds/LBS to Stone,112 pounds in stone,Top 3,Informational
Pounds/LBS to Stone,change lbs to stones,Top 4,Informational
Pounds/LBS to Stone,28 lbs in stone,Top 6,Informational
Pounds/LBS to Stone,165 pound in stone,Top 3,Informational
Pounds/LBS to Stone,168 pounds to stone,Top 5,Informational
Pounds/LBS to Stone,182 pounds in stone,Top 3,Informational
Pounds/LBS to Stone,149 pounds to stone,Top 6,Informational
Pounds/LBS to Stone,192.6 lbs in stone,Top 2,Informational
Pounds/LBS to Stone,125 pounds in stone,Top 2,Informational
Pounds/LBS to Stone,143 lbs in stone,Top 2,Informational
Pounds/LBS to Stone,pounds stone converter,Top 2,Informational
Pounds/LBS to Stone,pounds to stones pounds converter,Top 2,Informational
Pounds/LBS to Stone,303lbs in stone,Top 5,Informational
Pounds/LBS to Stone,143 pounds in stone,Top 4,Informational
Pounds/LBS to Stone,115 pounds in stone,Top 3,Informational
Pounds/LBS to Stone,144lbs in stone,Top 5,Informational
Pounds/LBS to Stone,convert lb to stone,Top 4,Informational
Pounds/LBS to Stone,240 lbs in stone,Top 4,Informational
Pounds/LBS to Stone,pounds are in a stone,Top 6,Informational
Pounds/LBS to Stone,pounds are in a stone,Top 6,Informational
Pounds/LBS to Stone,pound to stone,Top 4,Informational
Pounds/LBS to Stone,185 lbs in stone,Top 5,
Pounds/LBS to Stone,207lbs in stone,Top 4,Informational
Pounds/LBS to Stone,155lbs in stone,Top 1,Informational
Pounds/LBS to Stone,158lbs to stone,Top 1,Informational
Pounds/LBS to Stone,what is 175 pounds in stone,Top 2,Informational
Pounds/LBS to Stone,100 pounds in stone,Top 2,Informational
Pounds/LBS to Stone,11 stone 11 pounds in lbs,Top 2,Informational
Pounds/LBS to Stone,166lbs in stone,Top 1,Informational
Pounds/LBS to Stone,131 lbs to stone,Top 4,Informational
Pounds/LBS to Stone,243lbs in stone,Top 4,Informational
Pounds/LBS to Stone,131 lbs to stone,Top 4,Informational
Pounds/LBS to Stone,129lbs in stone,Top 2,Informational
Pounds/LBS to Stone,127 pounds to stone,Top 3,Informational
Pounds/LBS to Stone,260lbs in stone,Top 3,Informational
Pounds/LBS to Stone,134lbs to stone,Top 2,Informational
Pounds/LBS to Stone,115 pounds to stone,Top 2,Informational
Pounds/LBS to Stone,235 pounds to stone,Top 2,Informational
Pounds/LBS to Stone,80 lbs in stone,Top 2,Informational
Pounds/LBS to Stone,100 lbs to stones,Top 1,Informational
Pounds/LBS to Stone,273lbs in stone,Top 3,Informational
Pounds/LBS to Stone,196 lbs to stone,Top 3,Informational
Pounds/LBS to Stone,146 lbs in stone,Top 3,Informational
Pounds/LBS to Stone,22 pounds to stone,Top 3,Informational
Pounds/LBS to Stone,261lbs in stone,Top 2,Informational
Pounds/LBS to Stone,121 lbs in stone,Top 1,Informational
Pounds/LBS to Stone,121 lbs in stone,Top 1,Informational
Pounds/LBS to Stone,168 pounds in stone,Top 1,Informational
Pounds/LBS to Stone,44lbs in stone,Top 3,Informational
Pounds/LBS to Stone,how much is 120 lbs in stone,Top 2,Informational
Pounds/LBS to Stone,42lbs in stone,Top 4,Informational
Pounds/LBS to Stone,40lbs in stone,Top 4,Informational
Pounds/LBS to Stone,118 lbs in stone,Top 3,Informational
Pounds/LBS to Stone,122 pounds in stone,Top 2,Informational
Pounds/LBS to Stone,194lbs in stone,Top 2,Informational
Pounds/LBS to Stone,175.4 lbs to stone,Top 4,Informational
Pounds/LBS to Stone,20lbs in stone,Top 3,Informational
Pounds/LBS to Stone,119lbs in stone,Top 6,Informational
Pounds/LBS to Stone,pounds to stones and pounds conversion,Top 3,Informational
Pounds/LBS to Stone,138.6 lbs to stone,Top 1,Informational
Pounds/LBS to Stone,179.4 lbs in stone,Top 2,Informational
Pounds/LBS to Stone,138lbs in stone,Top 2,Informational
Pounds/LBS to Stone,117lbs in stone,Top 2,Informational
Pounds/LBS to Stone,pounds in 11 stone,Top 1,Informational
Pounds/LBS to Stone,163 lbs in stone,Top 2,Informational
Pounds/LBS to Stone,123 pounds in stone,Top 3,Informational
Pounds/LBS to Stone,179.4 lbs in stone,Top 2,Informational
Pounds/LBS to Stone,123 pounds in stone,Top 3,Informational
Pounds/LBS to Stone,lbs to stone conversion uk,Top 2,Informational
Pounds/LBS to Stone,131 lbs in stone,Top 3,Informational
Pounds/LBS to Stone,202 pounds to stone,Top 2,Informational
Pounds/LBS to Stone,60lbs in stone,Top 2,Informational
Pounds/LBS to Stone,149 lbs in stone,Top 2,Informational
Pounds/LBS to Stone,183lbs in stone,Top 2,Informational
Pounds/LBS to Stone,148 pounds in stone,Top 2,Informational
Pounds/LBS to Stone,113 lbs in stone,Top 3,Informational
Pounds/LBS to Stone,166 pounds in stone,Top 2,Informational
Pounds/LBS to Stone,450lbs in stone,Top 2,Informational
Pounds/LBS to Stone,147.8 lbs to stone,Top 1,Informational
Pounds/LBS to Stone,238 pounds in stone,Top 2,Informational
Pounds/LBS to Stone,25lb in stone,Top 5,Informational
Pounds/LBS to Stone,246lb in stone,Top 4,Informational
Pounds/LBS to Stone,188 pounds in stone,Top 3,Informational
Pounds/LBS to Stone,163lbs in stone,Top 2,Informational
Pounds/LBS to Stone,214 pounds in stone,Top 2,Informational
Pounds/LBS to Stone,209lbs in stone,Top 3,Informational
Pounds/LBS to Stone,153lbs in stone,Top 2,Informational
Pounds/LBS to Stone,85 lbs in stone,Top 3,Informational
Pounds/LBS to Stone,158 lbs in stone,Top 2,Informational
Pounds/LBS to Stone,130 pounds to stone,Top 2,Informational
Pounds/LBS to Stone,350lbs in stone,Top 4,Informational
Pounds/LBS to Stone,104lb in stone,Top 4,Informational
Pounds/LBS to Stone,what is 126 lbs in stone,Top 3,Informational
Pounds/LBS to Stone,lb to st,Top 3,Informational
Pounds/LBS to Stone,lbs to stone and pounds,Top 3,Informational
Pounds/LBS to Stone,216 lbs in stone and pounds,Top 2,Informational
Pounds/LBS to Stone,lbs to stone and pounds,Top 3,Informational
Pounds/LBS to Stone,90lb in stone,Top 2,Informational
Pounds/LBS to Stone,218 pounds to stone,Top 3,Informational
Pounds/LBS to Stone,166.6 lbs in stone,Top 1,Informational
Pounds/LBS to Stone,198 pounds in stone,Top 3,Informational
Pounds/LBS to Stone,173lbs in stone,Top 2,Informational
Pounds/LBS to Stone,174 lbs in stone,Top 2,Informational
Pounds/LBS to Stone,222 pounds in stone,Top 2,Informational
Pounds/LBS to Stone,169 pounds in stone,Top 2,Informational
Pounds/LBS to Stone,197.8 lbs in stone,Top 1,Informational
Pounds/LBS to Stone,173.8 lbs to stone and pounds,Top 3,Informational
Pounds/LBS to Stone,107 lbs in stone,Top 2,Informational
Pounds/LBS to Stone,157 lbs in stone,Top 2,Informational
Pounds/LBS to Stone,131lbs in stone,Top 6,Informational
Pounds/LBS to Stone,330lbs in stone,Top 3,Informational
Pounds/LBS to Stone,208 pounds to stone,Top 3,Informational
Pounds/LBS to Stone,205 pounds to stone,Top 2,Informational
Pounds/LBS to Stone,203 pounds in stone,Top 2,Informational
Pounds/LBS to Stone,158lbs in stone,Top 2,Informational
Pounds/LBS to Stone,pounds to stone uk,Top 3,Informational
Pounds/LBS to Stone,30lb in stone,Top 4,Informational
Pounds/LBS to Stone,146.8 lbs to stone,Top 2,Informational
Pounds/LBS to Stone,52lbs in stone,Top 4,Informational
Pounds/LBS to Stone,223lbs in stone,Top 5,Informational
Pounds/LBS to Stone,40lb in stone,Top 3,Informational
Pounds/LBS to Stone,156 lbs in stone,Top 3,Informational
Pounds/LBS to Stone,138 lbs in stone,Top 3,Informational
Pounds/LBS to Stone,13 pounds in stone,Top 3,Informational
Pounds/LBS to Stone,205 pounds to stone,Top 4,Informational
Pounds/LBS to Stone,203 pounds in stone,Top 4,Informational
Pounds/LBS to Stone,162lbs in stone,Top 2,Informational
Pounds/LBS to Stone,pounds to stone converter uk,Top 7,Informational
Pounds/LBS to Stone,212 pounds in stone,Top 5,Informational
Pounds/LBS to Stone,191 pounds to stone,Top 4,Informational
Pounds/LBS to Stone,104lbs in stone,Top 5,Informational
Pounds/LBS to Stone,14 lbs to stone,Top 4,Informational
Pounds/LBS to Stone,202 pounds in stone,Top 3,Informational
Pounds/LBS to Stone,what is 200lbs in stone,Top 4,Informational
Pounds/LBS to Stone,121lb in stone,Top 4,Informational
Pounds/LBS to Stone,how many pounds in. stone,Top 7,Informational
Pounds/LBS to Stone,121lb in stone,Top 4,Informational
Pounds/LBS to Stone,convert pounds to stones and pounds,Top 6,Informational
Pounds/LBS to Stone,134lbs in stone,Top 4,Informational
Pounds/LBS to Stone,180 pounds in stones,Top 5,Informational
Pounds/LBS to Stone,pounds to stones weight,Top 3,Informational
Pounds/LBS to Stone,211 lbs in stone,Top 3,Informational
Pounds/LBS to Stone,700lbs in stone,Top 6,Informational
Pounds/LBS to Stone,22lbs in stone,Top 4,Informational
Pounds/LBS to Stone,30lbs in stone,Top 5,Informational
Pounds/LBS to Stone,159 pounds to stone,Top 4,Informational
Pounds/LBS to Stone,181 pounds in stone,Top 4,Informational
Pounds/LBS to Stone,800lbs in stone,Top 6,Informational
Pounds/LBS to Stone,convert pounds to stone and pounds,Top 5,Commercial
Pounds/LBS to Stone,what is 158 lbs in stones,Top 3,Informational
Pounds/LBS to Stone,1 pound to stone,Top 6,Informational
Pounds/LBS to Stone,8 stone 10 pounds in pounds,Top 4,Informational
