Pounds/LBS to Stone,Pints to ML,KG to Stone,Litres to Gallons,Grams to ML
200 pounds in stone,pint in ml,80kg in stone,litres to gallons,grams to milliliters
220lbs in stone,pint british ml,80kg in stone,litres to gallons uk,gram is how many ml
175lbs in stone,1 pint in ml,kg to stone,imperial liters to gallons,250 gr in ml
120lbs in stone,half pint in ml,kg to stone,litres in a gallon uk,500 g into ml
200 lbs in stone,uk pint to ml,kilos into pounds and stone,50 litres in gallons uk,100 gram i ml
150lbs in stone and pounds,1 pint in millilitres,63.5kg in stone,uk litre to us gallon,converting grams into ml
210lbs in stone,1/2 pint in ml,70kg in stone,convert litres to gallons,150 grams to milliliters
lbs to stone,half a pint in ml,63.5kg to stones,how many litres in a gallon uk,250 grams in milliliters
145lbs in stone,pint in ml uk,100kg in stone,200l in gallons,25g in ml
175 pounds in stone,2 pints in ml,95.3kg in stone,10 litres in gallons,how many ml are in 100 grams
130 lbs in stone,1 4 pint in ml,150kg in stone,uk litre to gallon conversion,150 grams in millilitres
140 lbs in stone,1.5 pints in ml,82.6kg in stones,litres to american gallon,gm to ml flour
300 pounds to stone,half a pint in millilitres,70 kg in stone,uk litres to gallons conversion,300 grams to milliliters
175 pounds in stone,what is half a pint in mils,30kg in stone,60 litres in gallons uk,what is 100g in ml for flour
145lbs in stone and pounds,3 4 pint in ml,80 kilos in stones and pounds,30 litres in gallons uk,40g into ml
180lbs to stone,2 3 pint in ml,10 kilos to stones,50 litres in uk gallons,
154 lbs in stone,how many ml is 4 pints,kg and stones,20 litres in gallons,
120 lbs in stone,568 ml in pints,,,
150lbs in stone and pounds,how many ml in 1 2 pint,,,
126lbs in stone,ml in a pint uk,,,
126 pounds in stone,how big is a pint in ml,,,
180lbs in stone,how many milliliters is a half a pint,,,
168 lbs in stone,one pint is how many milliliters,,,
lbs to stone uk,how many mils in a pint of beer,,,
lbs and stones,how many milliliters in a pint of water,,,
160lbs in stone,how many mils are there in a pint,,,
182 lbs in stone,is 300ml half a pint uk,,,
196 lbs in stone,us pint in ml,,,
130lbs in stone,,,,
150lbs in stone,,,,
300lbs in stone,,,,
168 lbs in stones and pounds,,,,
lb to stone,,,,
12 pounds to stone,,,,
224 lbs in stone,,,,
207 pounds in stone,,,,
177 pounds in stone,,,,
112lbs in stone,,,,
140 lbs in stone,,,,
126 pounds to stone,,,,
300 pounds in stone,,,,
190 pounds to stone,,,,
190 lbs to stone,,,,
190lbs in stone,,,,
235lbs in stone,,,,
130 pounds in stone,,,,
142lbs in stone,,,,
168lbs in stone,,,,
120lbs in stone and pounds,,,,
265 pounds in stone,,,,
123lbs in stone,,,,
135lbs in stone,,,,
145lb in stone,,,,
175pounds in stone,,,,
154lbs in stone and pounds,,,,
what is 140 pounds in stone,,,,
15 pounds to stone,,,,
148 lbs in stone,,,,
120 lbs in stones and pounds,,,,
135 lbs into stone,,,,
200lbs in stones,,,,
lbs stones,,,,
lbs to stone uk,,,,
150 lbs stone,,,,
pounds to st,,,,
28lbs in stone,,,,
240 lbs in stone,,,,
160 lbs in stones,,,,
176 lbs to stone,,,,
168 lbs in stones and pounds,,,,
226 pounds in stone,,,,
300lb in stone,,,,
129.6 lbs in stone,,,,
175lbs in stone and pounds,,,,
154 pounds in stone,,,,
125lbs in stone,,,,
136 pounds in stone,,,,
265lbs in stone,,,,
179.2 lbs in stone,,,,
156lbs in stone,,,,
285lbs in stone,,,,
225lbs in stone,,,,
what is 150 pounds in stone,,,,
182lbs in stone,,,,
118lbs in stone,,,,
117lbs in stone,,,,
235lbs to stone,,,,
183lbs in stone,,,,
500lbs in stone,,,,
33lbs in stone,,,,
148lbs in stone,,,,
216 lbs in stone,,,,
154lbs in stone and pounds,,,,
215 lbs to stone,,,,
120 pounds in stone,,,,
205 lbs in stone,,,,
154lbs to stone,,,,
190 pounds in stone,,,,
186lb in stone,,,,
112 pounds in stone,,,,
change lbs to stones,,,,
28 lbs in stone,,,,
165 pound in stone,,,,
168 pounds to stone,,,,
182 pounds in stone,,,,
149 pounds to stone,,,,
192.6 lbs in stone,,,,
125 pounds in stone,,,,
143 lbs in stone,,,,
pounds stone converter,,,,
pounds to stones pounds converter,,,,
303lbs in stone,,,,
143 pounds in stone,,,,
115 pounds in stone,,,,
144lbs in stone,,,,
convert lb to stone,,,,
240 lbs in stone,,,,
pounds are in a stone,,,,
pounds are in a stone,,,,
pound to stone,,,,
185 lbs in stone,,,,
207lbs in stone,,,,
155lbs in stone,,,,
158lbs to stone,,,,
what is 175 pounds in stone,,,,
100 pounds in stone,,,,
11 stone 11 pounds in lbs,,,,
166lbs in stone,,,,
131 lbs to stone,,,,
243lbs in stone,,,,
131 lbs to stone,,,,
129lbs in stone,,,,
127 pounds to stone,,,,
260lbs in stone,,,,
134lbs to stone,,,,
115 pounds to stone,,,,
235 pounds to stone,,,,
80 lbs in stone,,,,
100 lbs to stones,,,,
273lbs in stone,,,,
196 lbs to stone,,,,
146 lbs in stone,,,,
22 pounds to stone,,,,
261lbs in stone,,,,
121 lbs in stone,,,,
121 lbs in stone,,,,
168 pounds in stone,,,,
44lbs in stone,,,,
how much is 120 lbs in stone,,,,
42lbs in stone,,,,
40lbs in stone,,,,
118 lbs in stone,,,,
122 pounds in stone,,,,
194lbs in stone,,,,
175.4 lbs to stone,,,,
20lbs in stone,,,,
119lbs in stone,,,,
pounds to stones and pounds conversion,,,,
138.6 lbs to stone,,,,
179.4 lbs in stone,,,,
138lbs in stone,,,,
117lbs in stone,,,,
pounds in 11 stone,,,,
163 lbs in stone,,,,
123 pounds in stone,,,,
179.4 lbs in stone,,,,
123 pounds in stone,,,,
lbs to stone conversion uk,,,,
131 lbs in stone,,,,
202 pounds to stone,,,,
60lbs in stone,,,,
149 lbs in stone,,,,
183lbs in stone,,,,
148 pounds in stone,,,,
113 lbs in stone,,,,
166 pounds in stone,,,,
450lbs in stone,,,,
147.8 lbs to stone,,,,
238 pounds in stone,,,,
25lb in stone,,,,
246lb in stone,,,,
188 pounds in stone,,,,
163lbs in stone,,,,
214 pounds in stone,,,,
209lbs in stone,,,,
153lbs in stone,,,,
85 lbs in stone,,,,
158 lbs in stone,,,,
130 pounds to stone,,,,
350lbs in stone,,,,
104lb in stone,,,,
what is 126 lbs in stone,,,,
lb to st,,,,
lbs to stone and pounds,,,,
216 lbs in stone and pounds,,,,
lbs to stone and pounds,,,,
90lb in stone,,,,
218 pounds to stone,,,,
166.6 lbs in stone,,,,
198 pounds in stone,,,,
173lbs in stone,,,,
174 lbs in stone,,,,
222 pounds in stone,,,,
169 pounds in stone,,,,
197.8 lbs in stone,,,,
173.8 lbs to stone and pounds,,,,
107 lbs in stone,,,,
157 lbs in stone,,,,
131lbs in stone,,,,
330lbs in stone,,,,
208 pounds to stone,,,,
205 pounds to stone,,,,
203 pounds in stone,,,,
158lbs in stone,,,,
pounds to stone uk,,,,
30lb in stone,,,,
146.8 lbs to stone,,,,
52lbs in stone,,,,
223lbs in stone,,,,
40lb in stone,,,,
156 lbs in stone,,,,
138 lbs in stone,,,,
13 pounds in stone,,,,
205 pounds to stone,,,,
203 pounds in stone,,,,
162lbs in stone,,,,
pounds to stone converter uk,,,,
212 pounds in stone,,,,
191 pounds to stone,,,,
104lbs in stone,,,,
14 lbs to stone,,,,
202 pounds in stone,,,,
what is 200lbs in stone,,,,
121lb in stone,,,,
how many pounds in. stone,,,,
121lb in stone,,,,
convert pounds to stones and pounds,,,,
134lbs in stone,,,,
180 pounds in stones,,,,
pounds to stones weight,,,,
211 lbs in stone,,,,
700lbs in stone,,,,
22lbs in stone,,,,
30lbs in stone,,,,
159 pounds to stone,,,,
181 pounds in stone,,,,
800lbs in stone,,,,
convert pounds to stone and pounds,,,,
what is 158 lbs in stones,,,,
1 pound to stone,,,,
8 stone 10 pounds in pounds,,,,
